{
  "layoutViewport": {
    "pageX": 0,
    "pageY": 0,
    "clientWidth": 1365,
    "clientHeight": 900
  },
  "visualViewport": {
    "offsetX": 0,
    "offsetY": 0,
    "pageX": 0,
    "pageY": 0,
    "clientWidth": 1365,
    "clientHeight": 900,
    "scale": 1,
    "zoom": 1
  },
  "cssContentSize": {
    "x": 0,
    "y": 0,
    "width": 1365,
    "height": 5933
  },
  "observed": {
    "cls": 0.0021457657794654132,
    "shifts": [
      {
        "value": 0.0017641097201536763,
        "startTime": 2016.6000003814697
      },
      {
        "value": 0.00038165605931173697,
        "startTime": 2609.800000190735
      }
    ],
    "longTasks": [
      {
        "duration": 122,
        "startTime": 1861.4000005722046
      }
    ],
    "scrollWidth": 1365,
    "clientWidth": 1365,
    "innerWidth": 1365,
    "innerHeight": 900,
    "visualViewportWidth": 1365,
    "hasViewportMeta": true,
    "horizontalOverflowPx": 0
  }
}
