{
  "layoutViewport": {
    "pageX": 0,
    "pageY": 0,
    "clientWidth": 390,
    "clientHeight": 844
  },
  "visualViewport": {
    "offsetX": 0,
    "offsetY": 0,
    "pageX": 0,
    "pageY": 0,
    "clientWidth": 390,
    "clientHeight": 844,
    "scale": 1,
    "zoom": 1
  },
  "cssContentSize": {
    "x": 0,
    "y": 0,
    "width": 390,
    "height": 5306
  },
  "observed": {
    "cls": 0.0022403462831343405,
    "shifts": [
      {
        "value": 0.0004035949219296685,
        "startTime": 1926.8999996185303
      },
      {
        "value": 0.0018367513612046718,
        "startTime": 2181.800000190735
      }
    ],
    "longTasks": [
      {
        "duration": 59,
        "startTime": 576.8999996185303
      },
      {
        "duration": 55,
        "startTime": 1851.3000001907349
      },
      {
        "duration": 71,
        "startTime": 1985
      }
    ],
    "scrollWidth": 390,
    "clientWidth": 390,
    "innerWidth": 390,
    "innerHeight": 844,
    "visualViewportWidth": 390,
    "hasViewportMeta": true,
    "horizontalOverflowPx": 0
  }
}
