{
  "layoutViewport": {
    "pageX": 0,
    "pageY": 0,
    "clientWidth": 1365,
    "clientHeight": 900
  },
  "visualViewport": {
    "offsetX": 0,
    "offsetY": 0,
    "pageX": 0,
    "pageY": 0,
    "clientWidth": 1365,
    "clientHeight": 900,
    "scale": 1,
    "zoom": 1
  },
  "cssContentSize": {
    "x": 0,
    "y": 0,
    "width": 1365,
    "height": 3762
  },
  "observed": {
    "cls": 0.0007456543854666566,
    "shifts": [
      {
        "value": 0.000560043070482631,
        "startTime": 2726.9000005722046
      },
      {
        "value": 0.00016037804448976612,
        "startTime": 2915.2000007629395
      },
      {
        "value": 0.000025233270494259506,
        "startTime": 2980.800000190735
      }
    ],
    "longTasks": [
      {
        "duration": 50,
        "startTime": 2322
      }
    ],
    "scrollWidth": 1365,
    "clientWidth": 1365,
    "innerWidth": 1365,
    "innerHeight": 900,
    "visualViewportWidth": 1365,
    "hasViewportMeta": true,
    "horizontalOverflowPx": 0
  }
}
