{
  "layoutViewport": {
    "pageX": 0,
    "pageY": 0,
    "clientWidth": 1365,
    "clientHeight": 900
  },
  "visualViewport": {
    "offsetX": 0,
    "offsetY": 0,
    "pageX": 0,
    "pageY": 0,
    "clientWidth": 1365,
    "clientHeight": 900,
    "scale": 1,
    "zoom": 1
  },
  "cssContentSize": {
    "x": 0,
    "y": 0,
    "width": 1365,
    "height": 5153
  },
  "observed": {
    "cls": 0.07242596308521215,
    "shifts": [
      {
        "value": 0.07028124872346483,
        "startTime": 2964.199999809265
      },
      {
        "value": 0.00007233761354640474,
        "startTime": 3039.2999992370605
      },
      {
        "value": 0.00010975146139981305,
        "startTime": 3121.5
      },
      {
        "value": 0.001962625286801111,
        "startTime": 3182.3999996185303
      }
    ],
    "longTasks": [
      {
        "duration": 79,
        "startTime": 2883.2999992370605
      }
    ],
    "scrollWidth": 1365,
    "clientWidth": 1365,
    "innerWidth": 1365,
    "innerHeight": 900,
    "visualViewportWidth": 1365,
    "hasViewportMeta": true,
    "horizontalOverflowPx": 0
  }
}
