{
  "layoutViewport": {
    "pageX": 0,
    "pageY": 0,
    "clientWidth": 390,
    "clientHeight": 844
  },
  "visualViewport": {
    "offsetX": 0,
    "offsetY": 0,
    "pageX": 0,
    "pageY": 0,
    "clientWidth": 390,
    "clientHeight": 844,
    "scale": 1,
    "zoom": 1
  },
  "cssContentSize": {
    "x": 0,
    "y": 0,
    "width": 390,
    "height": 5848
  },
  "observed": {
    "cls": 0.0019068731258844143,
    "shifts": [
      {
        "value": 0.00010454509385228176,
        "startTime": 3107.699999809265
      },
      {
        "value": 0.00012546072683072636,
        "startTime": 3140.300000190735
      },
      {
        "value": 0.0001686681530006871,
        "startTime": 3193.5999994277954
      },
      {
        "value": 0.001508199152200719,
        "startTime": 3229.300000190735
      }
    ],
    "longTasks": [
      {
        "duration": 71,
        "startTime": 2902.3999996185303
      }
    ],
    "scrollWidth": 390,
    "clientWidth": 390,
    "innerWidth": 390,
    "innerHeight": 844,
    "visualViewportWidth": 390,
    "hasViewportMeta": true,
    "horizontalOverflowPx": 0
  }
}
