{
  "layoutViewport": {
    "pageX": 0,
    "pageY": 0,
    "clientWidth": 1365,
    "clientHeight": 900
  },
  "visualViewport": {
    "offsetX": 0,
    "offsetY": 0,
    "pageX": 0,
    "pageY": 0,
    "clientWidth": 1365,
    "clientHeight": 900,
    "scale": 1,
    "zoom": 1
  },
  "cssContentSize": {
    "x": 0,
    "y": 0,
    "width": 1365,
    "height": 7867
  },
  "observed": {
    "cls": 0.014063889792713053,
    "shifts": [
      {
        "value": 0.012883111952319828,
        "startTime": 1101.7999992370605
      },
      {
        "value": 0.00014686125162315637,
        "startTime": 1128.5
      },
      {
        "value": 0.00046989494022461057,
        "startTime": 1183.8999996185303
      },
      {
        "value": 0.0005640216485454581,
        "startTime": 1318.0999994277954
      }
    ],
    "longTasks": [
      {
        "duration": 67,
        "startTime": 1023.3999996185303
      }
    ],
    "scrollWidth": 1365,
    "clientWidth": 1365,
    "innerWidth": 1365,
    "innerHeight": 900,
    "visualViewportWidth": 1365,
    "hasViewportMeta": true,
    "horizontalOverflowPx": 0
  }
}
