{
  "layoutViewport": {
    "pageX": 0,
    "pageY": 0,
    "clientWidth": 1365,
    "clientHeight": 900
  },
  "visualViewport": {
    "offsetX": 0,
    "offsetY": 0,
    "pageX": 0,
    "pageY": 0,
    "clientWidth": 1365,
    "clientHeight": 900,
    "scale": 1,
    "zoom": 1
  },
  "cssContentSize": {
    "x": 0,
    "y": 0,
    "width": 1365,
    "height": 7877
  },
  "observed": {
    "cls": 0.008950906954936258,
    "shifts": [
      {
        "value": 0.004205128205128205,
        "startTime": 2361.6000003814697
      },
      {
        "value": 0.004205128205128205,
        "startTime": 2375.4000005722046
      },
      {
        "value": 0.0005406505446798487,
        "startTime": 2791.4000005722046
      }
    ],
    "longTasks": [],
    "scrollWidth": 1365,
    "clientWidth": 1365,
    "innerWidth": 1365,
    "innerHeight": 900,
    "visualViewportWidth": 1365,
    "hasViewportMeta": true,
    "horizontalOverflowPx": 0
  }
}
