{
  "layoutViewport": {
    "pageX": 0,
    "pageY": 0,
    "clientWidth": 988,
    "clientHeight": 2139
  },
  "visualViewport": {
    "offsetX": 0,
    "offsetY": 0,
    "pageX": 0,
    "pageY": 0,
    "clientWidth": 390,
    "clientHeight": 844,
    "scale": 1,
    "zoom": 1
  },
  "cssContentSize": {
    "x": 0,
    "y": 0,
    "width": 988,
    "height": 5225
  },
  "observed": {
    "cls": 0.08265953496664495,
    "shifts": [
      {
        "value": 0.05232499939527241,
        "startTime": 1849.1000003814697
      },
      {
        "value": 0.01708071968630188,
        "startTime": 1867
      },
      {
        "value": 0.01026815295029312,
        "startTime": 1882.6999998092651
      },
      {
        "value": 0.002985662934777538,
        "startTime": 1900.8000001907349
      }
    ],
    "longTasks": [
      {
        "duration": 256,
        "startTime": 961.5
      }
    ],
    "scrollWidth": 988,
    "clientWidth": 390,
    "innerWidth": 988,
    "innerHeight": 2139,
    "visualViewportWidth": 390,
    "hasViewportMeta": true,
    "horizontalOverflowPx": 598
  }
}
