{
  "layoutViewport": {
    "pageX": 0,
    "pageY": 0,
    "clientWidth": 1365,
    "clientHeight": 900
  },
  "visualViewport": {
    "offsetX": 0,
    "offsetY": 0,
    "pageX": 0,
    "pageY": 0,
    "clientWidth": 1365,
    "clientHeight": 900,
    "scale": 1,
    "zoom": 1
  },
  "cssContentSize": {
    "x": 0,
    "y": 0,
    "width": 1365,
    "height": 4257
  },
  "observed": {
    "cls": 0.034035147811590116,
    "shifts": [
      {
        "value": 0.02767995386024232,
        "startTime": 2818.699999809265
      },
      {
        "value": 0.0015203813280736359,
        "startTime": 2834.5
      },
      {
        "value": 0.0015203813280736359,
        "startTime": 2852.699999809265
      },
      {
        "value": 0.003314431295200526,
        "startTime": 2868.8999996185303
      }
    ],
    "longTasks": [
      {
        "duration": 276,
        "startTime": 1833.3999996185303
      }
    ],
    "scrollWidth": 1365,
    "clientWidth": 1365,
    "innerWidth": 1365,
    "innerHeight": 900,
    "visualViewportWidth": 1365,
    "hasViewportMeta": true,
    "horizontalOverflowPx": 0
  }
}
