{
  "layoutViewport": {
    "pageX": 0,
    "pageY": 0,
    "clientWidth": 1365,
    "clientHeight": 900
  },
  "visualViewport": {
    "offsetX": 0,
    "offsetY": 0,
    "pageX": 0,
    "pageY": 0,
    "clientWidth": 1365,
    "clientHeight": 900,
    "scale": 1,
    "zoom": 1
  },
  "cssContentSize": {
    "x": 0,
    "y": 0,
    "width": 1365,
    "height": 3158
  },
  "observed": {
    "cls": 0.009736638133776412,
    "shifts": [
      {
        "value": 0.00614321275573565,
        "startTime": 2190.9000005722046
      },
      {
        "value": 0.0035934253780407627,
        "startTime": 2314.4000005722046
      }
    ],
    "longTasks": [
      {
        "duration": 132,
        "startTime": 2050.9000005722046
      },
      {
        "duration": 82,
        "startTime": 2197.6000003814697
      }
    ],
    "scrollWidth": 1365,
    "clientWidth": 1365,
    "innerWidth": 1365,
    "innerHeight": 900,
    "visualViewportWidth": 1365,
    "hasViewportMeta": true,
    "horizontalOverflowPx": 0
  }
}
