{
  "layoutViewport": {
    "pageX": 0,
    "pageY": 0,
    "clientWidth": 1365,
    "clientHeight": 900
  },
  "visualViewport": {
    "offsetX": 0,
    "offsetY": 0,
    "pageX": 0,
    "pageY": 0,
    "clientWidth": 1365,
    "clientHeight": 900,
    "scale": 1,
    "zoom": 1
  },
  "cssContentSize": {
    "x": 0,
    "y": 0,
    "width": 1365,
    "height": 6466
  },
  "observed": {
    "cls": 0.0019812657936284306,
    "shifts": [
      {
        "value": 0.00034972907637742805,
        "startTime": 1904.6000003814697
      },
      {
        "value": 0.00028985585029541074,
        "startTime": 1928.8000001907349
      },
      {
        "value": 0.001341680866955592,
        "startTime": 2006.6000003814697
      }
    ],
    "longTasks": [
      {
        "duration": 58,
        "startTime": 1633.5
      },
      {
        "duration": 166,
        "startTime": 1719.8000001907349
      }
    ],
    "scrollWidth": 1365,
    "clientWidth": 1365,
    "innerWidth": 1365,
    "innerHeight": 900,
    "visualViewportWidth": 1365,
    "hasViewportMeta": true,
    "horizontalOverflowPx": 0
  }
}
