{
  "layoutViewport": {
    "pageX": 0,
    "pageY": 0,
    "clientWidth": 1365,
    "clientHeight": 900
  },
  "visualViewport": {
    "offsetX": 0,
    "offsetY": 0,
    "pageX": 0,
    "pageY": 0,
    "clientWidth": 1365,
    "clientHeight": 900,
    "scale": 1,
    "zoom": 1
  },
  "cssContentSize": {
    "x": 0,
    "y": 0,
    "width": 1365,
    "height": 7921
  },
  "observed": {
    "cls": 0.0010936902171563344,
    "shifts": [
      {
        "value": 0.0006156753858676936,
        "startTime": 1684.3999996185303
      },
      {
        "value": 0.0003918636816988465,
        "startTime": 1808.3000001907349
      },
      {
        "value": 0.00008615114958979428,
        "startTime": 2125.8999996185303
      }
    ],
    "longTasks": [
      {
        "duration": 83,
        "startTime": 1477.8999996185303
      }
    ],
    "scrollWidth": 1365,
    "clientWidth": 1365,
    "innerWidth": 1365,
    "innerHeight": 900,
    "visualViewportWidth": 1365,
    "hasViewportMeta": true,
    "horizontalOverflowPx": 0
  }
}
