{
  "layoutViewport": {
    "pageX": 0,
    "pageY": 0,
    "clientWidth": 1365,
    "clientHeight": 900
  },
  "visualViewport": {
    "offsetX": 0,
    "offsetY": 0,
    "pageX": 0,
    "pageY": 0,
    "clientWidth": 1365,
    "clientHeight": 900,
    "scale": 1,
    "zoom": 1
  },
  "cssContentSize": {
    "x": 0,
    "y": 0,
    "width": 1365,
    "height": 2740
  },
  "observed": {
    "cls": 0.0072886939517205086,
    "shifts": [
      {
        "value": 0.0031382848175430596,
        "startTime": 2082.800000190735
      },
      {
        "value": 0.00013574761539505127,
        "startTime": 2333.5
      },
      {
        "value": 0.004014661518782398,
        "startTime": 2364.6000003814697
      }
    ],
    "longTasks": [],
    "scrollWidth": 1365,
    "clientWidth": 1365,
    "innerWidth": 1365,
    "innerHeight": 900,
    "visualViewportWidth": 1365,
    "hasViewportMeta": true,
    "horizontalOverflowPx": 0
  }
}
