{
  "layoutViewport": {
    "pageX": 0,
    "pageY": 0,
    "clientWidth": 1218,
    "clientHeight": 2636
  },
  "visualViewport": {
    "offsetX": 0,
    "offsetY": 0,
    "pageX": 0,
    "pageY": 0,
    "clientWidth": 1218,
    "clientHeight": 2635.876953125,
    "scale": 0.32019704580307007,
    "zoom": 1
  },
  "cssContentSize": {
    "x": 0,
    "y": 0,
    "width": 1218,
    "height": 2637
  },
  "observed": {
    "cls": 0.002754977076805666,
    "shifts": [
      {
        "value": 0.0009887566922658177,
        "startTime": 2660.5
      },
      {
        "value": 0.00000535593187105037,
        "startTime": 2704.8999996185303
      },
      {
        "value": 0.0017608644526687979,
        "startTime": 2789.699999809265
      }
    ],
    "longTasks": [
      {
        "duration": 102,
        "startTime": 2958
      },
      {
        "duration": 83,
        "startTime": 5072.599999427795
      }
    ],
    "scrollWidth": 1218,
    "clientWidth": 1218,
    "innerWidth": 1218,
    "innerHeight": 2636,
    "visualViewportWidth": 1218,
    "hasViewportMeta": true,
    "horizontalOverflowPx": 0
  }
}
