{
  "layoutViewport": {
    "pageX": 0,
    "pageY": 0,
    "clientWidth": 1365,
    "clientHeight": 900
  },
  "visualViewport": {
    "offsetX": 0,
    "offsetY": 0,
    "pageX": 0,
    "pageY": 0,
    "clientWidth": 1365,
    "clientHeight": 900,
    "scale": 1,
    "zoom": 1
  },
  "cssContentSize": {
    "x": 0,
    "y": 0,
    "width": 1365,
    "height": 900
  },
  "observed": {
    "cls": 0.011104938346147137,
    "shifts": [
      {
        "value": 0.0014643552621574599,
        "startTime": 2596.1000003814697
      },
      {
        "value": 0.009640583083989678,
        "startTime": 2713.1000003814697
      }
    ],
    "longTasks": [
      {
        "duration": 115,
        "startTime": 2846.4000005722046
      },
      {
        "duration": 90,
        "startTime": 4999.10000038147
      }
    ],
    "scrollWidth": 1365,
    "clientWidth": 1365,
    "innerWidth": 1365,
    "innerHeight": 900,
    "visualViewportWidth": 1365,
    "hasViewportMeta": true,
    "horizontalOverflowPx": 0
  }
}
