{
  "layoutViewport": {
    "pageX": 0,
    "pageY": 0,
    "clientWidth": 1365,
    "clientHeight": 900
  },
  "visualViewport": {
    "offsetX": 0,
    "offsetY": 0,
    "pageX": 0,
    "pageY": 0,
    "clientWidth": 1365,
    "clientHeight": 900,
    "scale": 1,
    "zoom": 1
  },
  "cssContentSize": {
    "x": 0,
    "y": 0,
    "width": 1365,
    "height": 900
  },
  "observed": {
    "cls": 0.000658714504868351,
    "shifts": [
      {
        "value": 0.0004520835290066059,
        "startTime": 3418.199999809265
      },
      {
        "value": 0.0002066309758617451,
        "startTime": 5568.199999809265
      }
    ],
    "longTasks": [
      {
        "duration": 91,
        "startTime": 8335.099999427795
      }
    ],
    "scrollWidth": 1365,
    "clientWidth": 1365,
    "innerWidth": 1365,
    "innerHeight": 900,
    "visualViewportWidth": 1365,
    "hasViewportMeta": false,
    "horizontalOverflowPx": 0
  }
}
