{
  "layoutViewport": {
    "pageX": 0,
    "pageY": 0,
    "clientWidth": 1250,
    "clientHeight": 2706
  },
  "visualViewport": {
    "offsetX": 0,
    "offsetY": 0,
    "pageX": 0,
    "pageY": 0,
    "clientWidth": 1250,
    "clientHeight": 2705.128173828125,
    "scale": 0.31200000643730164,
    "zoom": 1
  },
  "cssContentSize": {
    "x": 0,
    "y": 0,
    "width": 1250,
    "height": 2706
  },
  "observed": {
    "cls": 0.00012047356917834447,
    "shifts": [
      {
        "value": 0.00008261731478431495,
        "startTime": 4643.700000762939
      },
      {
        "value": 0.00003785625439402953,
        "startTime": 8495.60000038147
      }
    ],
    "longTasks": [
      {
        "duration": 99,
        "startTime": 12646.10000038147
      }
    ],
    "scrollWidth": 1250,
    "clientWidth": 980,
    "innerWidth": 1250,
    "innerHeight": 2706,
    "visualViewportWidth": 1250,
    "hasViewportMeta": false,
    "horizontalOverflowPx": 0
  }
}
