{
  "layoutViewport": {
    "pageX": 0,
    "pageY": 0,
    "clientWidth": 390,
    "clientHeight": 844
  },
  "visualViewport": {
    "offsetX": 0,
    "offsetY": 0,
    "pageX": 0,
    "pageY": 0,
    "clientWidth": 390,
    "clientHeight": 844,
    "scale": 1,
    "zoom": 1
  },
  "cssContentSize": {
    "x": 0,
    "y": 0,
    "width": 390,
    "height": 6407
  },
  "observed": {
    "cls": 0.10085892194925011,
    "shifts": [
      {
        "value": 0.03727292479089384,
        "startTime": 2149.2999992370605
      },
      {
        "value": 0.03164358047110007,
        "startTime": 2166.5999994277954
      },
      {
        "value": 0.031942416687256205,
        "startTime": 2197.199999809265
      }
    ],
    "longTasks": [
      {
        "duration": 122,
        "startTime": 2002.1999998092651
      },
      {
        "duration": 99,
        "startTime": 4519.39999961853
      }
    ],
    "scrollWidth": 390,
    "clientWidth": 390,
    "innerWidth": 390,
    "innerHeight": 844,
    "visualViewportWidth": 390,
    "hasViewportMeta": true,
    "horizontalOverflowPx": 0
  }
}
