{
  "layoutViewport": {
    "pageX": 0,
    "pageY": 0,
    "clientWidth": 1365,
    "clientHeight": 900
  },
  "visualViewport": {
    "offsetX": 0,
    "offsetY": 0,
    "pageX": 0,
    "pageY": 0,
    "clientWidth": 1365,
    "clientHeight": 900,
    "scale": 1,
    "zoom": 1
  },
  "cssContentSize": {
    "x": 0,
    "y": 0,
    "width": 1365,
    "height": 5163
  },
  "observed": {
    "cls": 0.039760566282178014,
    "shifts": [
      {
        "value": 0.002695832494733594,
        "startTime": 1956.6000003814697
      },
      {
        "value": 0.03521110142062524,
        "startTime": 2251.1000003814697
      },
      {
        "value": 0.0018536323668191799,
        "startTime": 2329.1000003814697
      }
    ],
    "longTasks": [
      {
        "duration": 117,
        "startTime": 2866.5
      }
    ],
    "scrollWidth": 1365,
    "clientWidth": 1365,
    "innerWidth": 1365,
    "innerHeight": 900,
    "visualViewportWidth": 1365,
    "hasViewportMeta": true,
    "horizontalOverflowPx": 0
  }
}
