{
  "layoutViewport": {
    "pageX": 0,
    "pageY": 0,
    "clientWidth": 492,
    "clientHeight": 1065
  },
  "visualViewport": {
    "offsetX": 0,
    "offsetY": 0,
    "pageX": 0,
    "pageY": 0,
    "clientWidth": 390,
    "clientHeight": 844,
    "scale": 1,
    "zoom": 1
  },
  "cssContentSize": {
    "x": 0,
    "y": 0,
    "width": 492,
    "height": 1065
  },
  "observed": {
    "cls": 0.0007155655153229332,
    "shifts": [
      {
        "value": 0.0007155655153229332,
        "startTime": 3133.699999809265
      }
    ],
    "longTasks": [
      {
        "duration": 65,
        "startTime": 1807.4000005722046
      },
      {
        "duration": 69,
        "startTime": 1899.6000003814697
      },
      {
        "duration": 56,
        "startTime": 3062.699999809265
      },
      {
        "duration": 67,
        "startTime": 4117.300000190735
      }
    ],
    "scrollWidth": 492,
    "clientWidth": 390,
    "innerWidth": 492,
    "innerHeight": 1065,
    "visualViewportWidth": 390,
    "hasViewportMeta": true,
    "horizontalOverflowPx": 102
  }
}
