{
  "layoutViewport": {
    "pageX": 0,
    "pageY": 0,
    "clientWidth": 1365,
    "clientHeight": 900
  },
  "visualViewport": {
    "offsetX": 0,
    "offsetY": 0,
    "pageX": 0,
    "pageY": 0,
    "clientWidth": 1365,
    "clientHeight": 900,
    "scale": 1,
    "zoom": 1
  },
  "cssContentSize": {
    "x": 0,
    "y": 0,
    "width": 1365,
    "height": 9262
  },
  "observed": {
    "cls": 0.2650273733211233,
    "shifts": [
      {
        "value": 0.00894760124135124,
        "startTime": 923.9000005722046
      },
      {
        "value": 0.25607977207977206,
        "startTime": 2013.9000005722046
      }
    ],
    "longTasks": [
      {
        "duration": 57,
        "startTime": 684.9000005722046
      },
      {
        "duration": 96,
        "startTime": 1890.2000007629395
      }
    ],
    "scrollWidth": 1365,
    "clientWidth": 1365,
    "innerWidth": 1365,
    "innerHeight": 900,
    "visualViewportWidth": 1365,
    "hasViewportMeta": true,
    "horizontalOverflowPx": 0
  }
}
