{
  "layoutViewport": {
    "pageX": 0,
    "pageY": 0,
    "clientWidth": 1365,
    "clientHeight": 900
  },
  "visualViewport": {
    "offsetX": 0,
    "offsetY": 0,
    "pageX": 0,
    "pageY": 0,
    "clientWidth": 1365,
    "clientHeight": 900,
    "scale": 1,
    "zoom": 1
  },
  "cssContentSize": {
    "x": 0,
    "y": 0,
    "width": 1365,
    "height": 9725
  },
  "observed": {
    "cls": 0.004723377067241536,
    "shifts": [
      {
        "value": 0.000026728782681163633,
        "startTime": 1028.1000003814697
      },
      {
        "value": 0.0037320424115295913,
        "startTime": 1043.8999996185303
      },
      {
        "value": 0.00018399996421974445,
        "startTime": 1075.3000001907349
      },
      {
        "value": 0.000780605908811037,
        "startTime": 1376.6000003814697
      }
    ],
    "longTasks": [],
    "scrollWidth": 1365,
    "clientWidth": 1365,
    "innerWidth": 1365,
    "innerHeight": 900,
    "visualViewportWidth": 1365,
    "hasViewportMeta": true,
    "horizontalOverflowPx": 0
  }
}
