{
  "layoutViewport": {
    "pageX": 0,
    "pageY": 0,
    "clientWidth": 390,
    "clientHeight": 844
  },
  "visualViewport": {
    "offsetX": 0,
    "offsetY": 0,
    "pageX": 0,
    "pageY": 0,
    "clientWidth": 390,
    "clientHeight": 844,
    "scale": 1,
    "zoom": 1
  },
  "cssContentSize": {
    "x": 0,
    "y": 0,
    "width": 390,
    "height": 844
  },
  "observed": {
    "cls": 0.013541997827012204,
    "shifts": [
      {
        "value": 0.013458010883944714,
        "startTime": 803.1000003814697
      },
      {
        "value": 0.00008398694306748931,
        "startTime": 847.8999996185303
      }
    ],
    "longTasks": [
      {
        "duration": 56,
        "startTime": 232.39999961853027
      },
      {
        "duration": 126,
        "startTime": 289.69999980926514
      }
    ],
    "scrollWidth": 390,
    "clientWidth": 390,
    "innerWidth": 390,
    "innerHeight": 844,
    "visualViewportWidth": 390,
    "hasViewportMeta": true,
    "horizontalOverflowPx": 0
  }
}
