{
  "layoutViewport": {
    "pageX": 0,
    "pageY": 0,
    "clientWidth": 1365,
    "clientHeight": 900
  },
  "visualViewport": {
    "offsetX": 0,
    "offsetY": 0,
    "pageX": 0,
    "pageY": 0,
    "clientWidth": 1365,
    "clientHeight": 900,
    "scale": 1,
    "zoom": 1
  },
  "cssContentSize": {
    "x": 0,
    "y": 0,
    "width": 1365,
    "height": 900
  },
  "observed": {
    "cls": 0.008502474055587609,
    "shifts": [
      {
        "value": 0.0000043055574191105324,
        "startTime": 1477.7000007629395
      },
      {
        "value": 0.008498168498168498,
        "startTime": 2076.2000007629395
      }
    ],
    "longTasks": [
      {
        "duration": 54,
        "startTime": 1406.9000005722046
      },
      {
        "duration": 76,
        "startTime": 1554.4000005722046
      },
      {
        "duration": 57,
        "startTime": 1803.1000003814697
      }
    ],
    "scrollWidth": 1365,
    "clientWidth": 1365,
    "innerWidth": 1365,
    "innerHeight": 900,
    "visualViewportWidth": 1365,
    "hasViewportMeta": true,
    "horizontalOverflowPx": 0
  }
}
