{
  "layoutViewport": {
    "pageX": 0,
    "pageY": 0,
    "clientWidth": 1101,
    "clientHeight": 2381
  },
  "visualViewport": {
    "offsetX": 0,
    "offsetY": 0,
    "pageX": 0,
    "pageY": 0,
    "clientWidth": 1100.0001220703125,
    "clientHeight": 2380.512939453125,
    "scale": 0.3545454442501068,
    "zoom": 1
  },
  "cssContentSize": {
    "x": 0,
    "y": 0,
    "width": 1101,
    "height": 2381
  },
  "observed": {
    "cls": 0.019922261423372525,
    "shifts": [
      {
        "value": 0.019922261423372525,
        "startTime": 6809.89999961853
      }
    ],
    "longTasks": [
      {
        "duration": 63,
        "startTime": 2810.3999996185303
      },
      {
        "duration": 53,
        "startTime": 5652
      },
      {
        "duration": 54,
        "startTime": 5777.39999961853
      },
      {
        "duration": 144,
        "startTime": 5845
      }
    ],
    "scrollWidth": 1101,
    "clientWidth": 980,
    "innerWidth": 1101,
    "innerHeight": 2381,
    "visualViewportWidth": 1100.0001220703125,
    "hasViewportMeta": false,
    "horizontalOverflowPx": 1
  }
}
