{
  "layoutViewport": {
    "pageX": 0,
    "pageY": 0,
    "clientWidth": 1365,
    "clientHeight": 900
  },
  "visualViewport": {
    "offsetX": 0,
    "offsetY": 0,
    "pageX": 0,
    "pageY": 0,
    "clientWidth": 1365,
    "clientHeight": 900,
    "scale": 1,
    "zoom": 1
  },
  "cssContentSize": {
    "x": 0,
    "y": 0,
    "width": 1365,
    "height": 5288
  },
  "observed": {
    "cls": 0.0031900244647497396,
    "shifts": [
      {
        "value": 0.00026362892296958234,
        "startTime": 1864.3000001907349
      },
      {
        "value": 0.0009710761359113007,
        "startTime": 1889
      },
      {
        "value": 0.00026362892296958234,
        "startTime": 1909.5
      },
      {
        "value": 0.0016916904828992742,
        "startTime": 1928.6999998092651
      }
    ],
    "longTasks": [],
    "scrollWidth": 1365,
    "clientWidth": 1365,
    "innerWidth": 1365,
    "innerHeight": 900,
    "visualViewportWidth": 1365,
    "hasViewportMeta": true,
    "horizontalOverflowPx": 0
  }
}
