{
  "layoutViewport": {
    "pageX": 0,
    "pageY": 0,
    "clientWidth": 1429,
    "clientHeight": 943
  },
  "visualViewport": {
    "offsetX": 0,
    "offsetY": 0,
    "pageX": 0,
    "pageY": 0,
    "clientWidth": 1365,
    "clientHeight": 900,
    "scale": 1,
    "zoom": 1
  },
  "cssContentSize": {
    "x": 0,
    "y": 0,
    "width": 1429,
    "height": 7903
  },
  "observed": {
    "cls": 2.5705877354228997e-7,
    "shifts": [
      {
        "value": 1.3529409133804736e-7,
        "startTime": 5033.89999961853
      },
      {
        "value": 1.2176468220424264e-7,
        "startTime": 8384.29999923706
      }
    ],
    "longTasks": [
      {
        "duration": 71,
        "startTime": 1732.0999994277954
      },
      {
        "duration": 197,
        "startTime": 1872.1999998092651
      },
      {
        "duration": 80,
        "startTime": 3753.699999809265
      }
    ],
    "scrollWidth": 1429,
    "clientWidth": 1365,
    "innerWidth": 1429,
    "innerHeight": 943,
    "visualViewportWidth": 1365,
    "hasViewportMeta": true,
    "horizontalOverflowPx": 64
  }
}
