{
  "layoutViewport": {
    "pageX": 0,
    "pageY": 0,
    "clientWidth": 1365,
    "clientHeight": 900
  },
  "visualViewport": {
    "offsetX": 0,
    "offsetY": 0,
    "pageX": 0,
    "pageY": 0,
    "clientWidth": 1365,
    "clientHeight": 900,
    "scale": 1,
    "zoom": 1
  },
  "cssContentSize": {
    "x": 0,
    "y": 0,
    "width": 1365,
    "height": 6490
  },
  "observed": {
    "cls": 0.08330700941728872,
    "shifts": [
      {
        "value": 0.0006341365534817915,
        "startTime": 1785
      },
      {
        "value": 0.009998880189814256,
        "startTime": 1815.3999996185303
      },
      {
        "value": 0.07267399267399267,
        "startTime": 2388.0999994277954
      }
    ],
    "longTasks": [
      {
        "duration": 94,
        "startTime": 1522.3000001907349
      },
      {
        "duration": 51,
        "startTime": 2313.800000190735
      }
    ],
    "scrollWidth": 1365,
    "clientWidth": 1365,
    "innerWidth": 1365,
    "innerHeight": 900,
    "visualViewportWidth": 1365,
    "hasViewportMeta": true,
    "horizontalOverflowPx": 0
  }
}
