{
  "layoutViewport": {
    "pageX": 0,
    "pageY": 0,
    "clientWidth": 1365,
    "clientHeight": 900
  },
  "visualViewport": {
    "offsetX": 0,
    "offsetY": 0,
    "pageX": 0,
    "pageY": 0,
    "clientWidth": 1365,
    "clientHeight": 900,
    "scale": 1,
    "zoom": 1
  },
  "cssContentSize": {
    "x": 0,
    "y": 0,
    "width": 1365,
    "height": 8624
  },
  "observed": {
    "cls": 0.057302900353106395,
    "shifts": [
      {
        "value": 0.057180975554258516,
        "startTime": 845.1999998092651
      },
      {
        "value": 0.00005678907986600294,
        "startTime": 920.8999996185303
      },
      {
        "value": 0.00006513571898187284,
        "startTime": 1611.6999998092651
      }
    ],
    "longTasks": [
      {
        "duration": 70,
        "startTime": 738.3999996185303
      }
    ],
    "scrollWidth": 1365,
    "clientWidth": 1365,
    "innerWidth": 1365,
    "innerHeight": 900,
    "visualViewportWidth": 1365,
    "hasViewportMeta": true,
    "horizontalOverflowPx": 0
  }
}
