{
  "layoutViewport": {
    "pageX": 0,
    "pageY": 0,
    "clientWidth": 1365,
    "clientHeight": 900
  },
  "visualViewport": {
    "offsetX": 0,
    "offsetY": 0,
    "pageX": 0,
    "pageY": 0,
    "clientWidth": 1365,
    "clientHeight": 900,
    "scale": 1,
    "zoom": 1
  },
  "cssContentSize": {
    "x": 0,
    "y": 0,
    "width": 1365,
    "height": 900
  },
  "observed": {
    "cls": 0.0008932795082749296,
    "shifts": [
      {
        "value": 0.00017104312303488126,
        "startTime": 731.6999998092651
      },
      {
        "value": 0.00021185787486153787,
        "startTime": 795.1000003814697
      },
      {
        "value": 0.0005103785103785104,
        "startTime": 829.6999998092651
      }
    ],
    "longTasks": [
      {
        "duration": 93,
        "startTime": 232.69999980926514
      },
      {
        "duration": 89,
        "startTime": 548.6999998092651
      }
    ],
    "scrollWidth": 1365,
    "clientWidth": 1365,
    "innerWidth": 1365,
    "innerHeight": 900,
    "visualViewportWidth": 1365,
    "hasViewportMeta": true,
    "horizontalOverflowPx": 0
  }
}
