{
  "layoutViewport": {
    "pageX": 0,
    "pageY": 0,
    "clientWidth": 390,
    "clientHeight": 844
  },
  "visualViewport": {
    "offsetX": 0,
    "offsetY": 0,
    "pageX": 0,
    "pageY": 0,
    "clientWidth": 390,
    "clientHeight": 844,
    "scale": 1,
    "zoom": 1
  },
  "cssContentSize": {
    "x": 0,
    "y": 0,
    "width": 390,
    "height": 844
  },
  "observed": {
    "cls": 0.010174790929834896,
    "shifts": [
      {
        "value": 0.0010358452637447382,
        "startTime": 1053.8000001907349
      },
      {
        "value": 0.0012929291794883313,
        "startTime": 1180.8000001907349
      },
      {
        "value": 0.007846016486601827,
        "startTime": 1221.1000003814697
      }
    ],
    "longTasks": [
      {
        "duration": 93,
        "startTime": 520
      },
      {
        "duration": 86,
        "startTime": 752.5
      }
    ],
    "scrollWidth": 390,
    "clientWidth": 390,
    "innerWidth": 390,
    "innerHeight": 844,
    "visualViewportWidth": 390,
    "hasViewportMeta": true,
    "horizontalOverflowPx": 0
  }
}
