{
  "layoutViewport": {
    "pageX": 0,
    "pageY": 0,
    "clientWidth": 1365,
    "clientHeight": 900
  },
  "visualViewport": {
    "offsetX": 0,
    "offsetY": 0,
    "pageX": 0,
    "pageY": 0,
    "clientWidth": 1365,
    "clientHeight": 900,
    "scale": 1,
    "zoom": 1
  },
  "cssContentSize": {
    "x": 0,
    "y": 0,
    "width": 1365,
    "height": 900
  },
  "observed": {
    "cls": 0.0029852254379726904,
    "shifts": [
      {
        "value": 0.0013412228796844182,
        "startTime": 1710.5
      },
      {
        "value": 0.0016440025582882725,
        "startTime": 2161.699999809265
      }
    ],
    "longTasks": [
      {
        "duration": 224,
        "startTime": 1186.6999998092651
      },
      {
        "duration": 74,
        "startTime": 1415.3000001907349
      }
    ],
    "scrollWidth": 1365,
    "clientWidth": 1365,
    "innerWidth": 1365,
    "innerHeight": 900,
    "visualViewportWidth": 1365,
    "hasViewportMeta": false,
    "horizontalOverflowPx": 0
  }
}
