{
  "layoutViewport": {
    "pageX": 0,
    "pageY": 0,
    "clientWidth": 1365,
    "clientHeight": 900
  },
  "visualViewport": {
    "offsetX": 0,
    "offsetY": 0,
    "pageX": 0,
    "pageY": 0,
    "clientWidth": 1365,
    "clientHeight": 900,
    "scale": 1,
    "zoom": 1
  },
  "cssContentSize": {
    "x": 0,
    "y": 0,
    "width": 1365,
    "height": 5133
  },
  "observed": {
    "cls": 0.002125147854451884,
    "shifts": [
      {
        "value": 0.0000032604757879483155,
        "startTime": 717.8000001907349
      },
      {
        "value": 0.00032985363825565293,
        "startTime": 726.8000001907349
      },
      {
        "value": 0.0017920337404082826,
        "startTime": 742.6000003814697
      }
    ],
    "longTasks": [
      {
        "duration": 60,
        "startTime": 330.6000003814697
      },
      {
        "duration": 56,
        "startTime": 1597
      }
    ],
    "scrollWidth": 1365,
    "clientWidth": 1365,
    "innerWidth": 1365,
    "innerHeight": 900,
    "visualViewportWidth": 1365,
    "hasViewportMeta": true,
    "horizontalOverflowPx": 0
  }
}
