{
  "layoutViewport": {
    "pageX": 0,
    "pageY": 0,
    "clientWidth": 1101,
    "clientHeight": 2381
  },
  "visualViewport": {
    "offsetX": 0,
    "offsetY": 0,
    "pageX": 0,
    "pageY": 0,
    "clientWidth": 1100.0001220703125,
    "clientHeight": 2380.512939453125,
    "scale": 0.3545454442501068,
    "zoom": 1
  },
  "cssContentSize": {
    "x": 0,
    "y": 0,
    "width": 1101,
    "height": 5224
  },
  "observed": {
    "cls": 0.0008165663560926993,
    "shifts": [
      {
        "value": 0.0008165663560926993,
        "startTime": 4019.5
      }
    ],
    "longTasks": [
      {
        "duration": 56,
        "startTime": 908.0999994277954
      },
      {
        "duration": 70,
        "startTime": 1276.3999996185303
      },
      {
        "duration": 54,
        "startTime": 1857.8999996185303
      },
      {
        "duration": 60,
        "startTime": 2982.5999994277954
      }
    ],
    "scrollWidth": 1101,
    "clientWidth": 390,
    "innerWidth": 1101,
    "innerHeight": 2381,
    "visualViewportWidth": 1100.0001220703125,
    "hasViewportMeta": true,
    "horizontalOverflowPx": 1
  }
}
