{
  "layoutViewport": {
    "pageX": 0,
    "pageY": 0,
    "clientWidth": 1365,
    "clientHeight": 900
  },
  "visualViewport": {
    "offsetX": 0,
    "offsetY": 0,
    "pageX": 0,
    "pageY": 0,
    "clientWidth": 1365,
    "clientHeight": 900,
    "scale": 1,
    "zoom": 1
  },
  "cssContentSize": {
    "x": 0,
    "y": 0,
    "width": 1365,
    "height": 4129
  },
  "observed": {
    "cls": 0.006819942991989695,
    "shifts": [
      {
        "value": 0.00030619848202265783,
        "startTime": 1547.6999998092651
      },
      {
        "value": 0.000015363147231279098,
        "startTime": 1595.8000001907349
      },
      {
        "value": 0.006498381362735758,
        "startTime": 2674.3999996185303
      }
    ],
    "longTasks": [
      {
        "duration": 78,
        "startTime": 2595
      }
    ],
    "scrollWidth": 1365,
    "clientWidth": 1365,
    "innerWidth": 1365,
    "innerHeight": 900,
    "visualViewportWidth": 1365,
    "hasViewportMeta": true,
    "horizontalOverflowPx": 0
  }
}
