{
  "layoutViewport": {
    "pageX": 0,
    "pageY": 0,
    "clientWidth": 1365,
    "clientHeight": 900
  },
  "visualViewport": {
    "offsetX": 0,
    "offsetY": 0,
    "pageX": 0,
    "pageY": 0,
    "clientWidth": 1365,
    "clientHeight": 900,
    "scale": 1,
    "zoom": 1
  },
  "cssContentSize": {
    "x": 0,
    "y": 0,
    "width": 1365,
    "height": 4219
  },
  "observed": {
    "cls": 0.0022542403702660117,
    "shifts": [
      {
        "value": 0.0006707746127160046,
        "startTime": 2435.199999809265
      },
      {
        "value": 0.00026941459029371115,
        "startTime": 2466.199999809265
      },
      {
        "value": 0.0012370999506530643,
        "startTime": 3315.300000190735
      },
      {
        "value": 0.00007695121660323126,
        "startTime": 3340
      }
    ],
    "longTasks": [
      {
        "duration": 56,
        "startTime": 3108.699999809265
      }
    ],
    "scrollWidth": 1365,
    "clientWidth": 1365,
    "innerWidth": 1365,
    "innerHeight": 900,
    "visualViewportWidth": 1365,
    "hasViewportMeta": true,
    "horizontalOverflowPx": 0
  }
}
