{
  "layoutViewport": {
    "pageX": 0,
    "pageY": 0,
    "clientWidth": 390,
    "clientHeight": 844
  },
  "visualViewport": {
    "offsetX": 0,
    "offsetY": 0,
    "pageX": 0,
    "pageY": 0,
    "clientWidth": 390,
    "clientHeight": 844,
    "scale": 1,
    "zoom": 1
  },
  "cssContentSize": {
    "x": 0,
    "y": 0,
    "width": 390,
    "height": 6980
  },
  "observed": {
    "cls": 0.7033883703379822,
    "shifts": [
      {
        "value": 0.6895734597156398,
        "startTime": 1655.8999996185303
      },
      {
        "value": 0.011432499901731768,
        "startTime": 1672.5
      },
      {
        "value": 0.002324745625659801,
        "startTime": 1882.1000003814697
      },
      {
        "value": 0.000057665094950870196,
        "startTime": 1919.6000003814697
      }
    ],
    "longTasks": [
      {
        "duration": 105,
        "startTime": 2499
      }
    ],
    "scrollWidth": 390,
    "clientWidth": 390,
    "innerWidth": 390,
    "innerHeight": 844,
    "visualViewportWidth": 390,
    "hasViewportMeta": true,
    "horizontalOverflowPx": 0
  }
}
