{
  "layoutViewport": {
    "pageX": 0,
    "pageY": 0,
    "clientWidth": 1365,
    "clientHeight": 900
  },
  "visualViewport": {
    "offsetX": 0,
    "offsetY": 0,
    "pageX": 0,
    "pageY": 0,
    "clientWidth": 1365,
    "clientHeight": 900,
    "scale": 1,
    "zoom": 1
  },
  "cssContentSize": {
    "x": 0,
    "y": 0,
    "width": 1365,
    "height": 6490
  },
  "observed": {
    "cls": 0.08330700941728872,
    "shifts": [
      {
        "value": 0.0006341365534817915,
        "startTime": 1751.4000005722046
      },
      {
        "value": 0.009998880189814256,
        "startTime": 1779.6000003814697
      },
      {
        "value": 0.07267399267399267,
        "startTime": 2308
      }
    ],
    "longTasks": [
      {
        "duration": 75,
        "startTime": 1528.8000001907349
      },
      {
        "duration": 53,
        "startTime": 2230.699999809265
      }
    ],
    "scrollWidth": 1365,
    "clientWidth": 1365,
    "innerWidth": 1365,
    "innerHeight": 900,
    "visualViewportWidth": 1365,
    "hasViewportMeta": true,
    "horizontalOverflowPx": 0
  }
}
