{
  "layoutViewport": {
    "pageX": 0,
    "pageY": 0,
    "clientWidth": 1365,
    "clientHeight": 900
  },
  "visualViewport": {
    "offsetX": 0,
    "offsetY": 0,
    "pageX": 0,
    "pageY": 0,
    "clientWidth": 1365,
    "clientHeight": 900,
    "scale": 1,
    "zoom": 1
  },
  "cssContentSize": {
    "x": 0,
    "y": 0,
    "width": 1365,
    "height": 1417
  },
  "observed": {
    "cls": 0.028764764107483888,
    "shifts": [
      {
        "value": 0.00003271796884434247,
        "startTime": 1416.6000003814697
      },
      {
        "value": 0.000060611752919445235,
        "startTime": 1858.1000003814697
      },
      {
        "value": 0.0286714343857201,
        "startTime": 1917.6999998092651
      }
    ],
    "longTasks": [
      {
        "duration": 128,
        "startTime": 1568
      },
      {
        "duration": 97,
        "startTime": 1758.6000003814697
      }
    ],
    "scrollWidth": 1365,
    "clientWidth": 1365,
    "innerWidth": 1365,
    "innerHeight": 900,
    "visualViewportWidth": 1365,
    "hasViewportMeta": true,
    "horizontalOverflowPx": 0
  }
}
