{
  "layoutViewport": {
    "pageX": 0,
    "pageY": 0,
    "clientWidth": 1365,
    "clientHeight": 900
  },
  "visualViewport": {
    "offsetX": 0,
    "offsetY": 0,
    "pageX": 0,
    "pageY": 0,
    "clientWidth": 1365,
    "clientHeight": 900,
    "scale": 1,
    "zoom": 1
  },
  "cssContentSize": {
    "x": 0,
    "y": 0,
    "width": 1365,
    "height": 4737
  },
  "observed": {
    "cls": 0.002474026702506556,
    "shifts": [
      {
        "value": 0.00008620153079860041,
        "startTime": 2178.9000005722046
      },
      {
        "value": 0.0023878251717079552,
        "startTime": 2473.4000005722046
      }
    ],
    "longTasks": [
      {
        "duration": 181,
        "startTime": 1597.8000001907349
      },
      {
        "duration": 70,
        "startTime": 2095.5
      }
    ],
    "scrollWidth": 1365,
    "clientWidth": 1365,
    "innerWidth": 1365,
    "innerHeight": 900,
    "visualViewportWidth": 1365,
    "hasViewportMeta": true,
    "horizontalOverflowPx": 0
  }
}
