{
  "layoutViewport": {
    "pageX": 0,
    "pageY": 0,
    "clientWidth": 1365,
    "clientHeight": 900
  },
  "visualViewport": {
    "offsetX": 0,
    "offsetY": 0,
    "pageX": 0,
    "pageY": 0,
    "clientWidth": 1365,
    "clientHeight": 900,
    "scale": 1,
    "zoom": 1
  },
  "cssContentSize": {
    "x": 0,
    "y": 0,
    "width": 1365,
    "height": 2375
  },
  "observed": {
    "cls": 0.00021747597132212515,
    "shifts": [
      {
        "value": 0.000004036012827221619,
        "startTime": 1056.1000003814697
      },
      {
        "value": 0.00021343995849490354,
        "startTime": 5363.400000572205
      }
    ],
    "longTasks": [
      {
        "duration": 138,
        "startTime": 5045.300000190735
      }
    ],
    "scrollWidth": 1365,
    "clientWidth": 1365,
    "innerWidth": 1365,
    "innerHeight": 900,
    "visualViewportWidth": 1365,
    "hasViewportMeta": true,
    "horizontalOverflowPx": 0
  }
}
