{
  "layoutViewport": {
    "pageX": 0,
    "pageY": 0,
    "clientWidth": 1365,
    "clientHeight": 900
  },
  "visualViewport": {
    "offsetX": 0,
    "offsetY": 0,
    "pageX": 0,
    "pageY": 0,
    "clientWidth": 1365,
    "clientHeight": 900,
    "scale": 1,
    "zoom": 1
  },
  "cssContentSize": {
    "x": 0,
    "y": 0,
    "width": 1365,
    "height": 7605
  },
  "observed": {
    "cls": 0.00042778321935831086,
    "shifts": [
      {
        "value": 0.00019265386628023988,
        "startTime": 1654.2000007629395
      },
      {
        "value": 0.000235129353078071,
        "startTime": 1686.6000003814697
      }
    ],
    "longTasks": [
      {
        "duration": 59,
        "startTime": 1509.3000001907349
      }
    ],
    "scrollWidth": 1365,
    "clientWidth": 1365,
    "innerWidth": 1365,
    "innerHeight": 900,
    "visualViewportWidth": 1365,
    "hasViewportMeta": true,
    "horizontalOverflowPx": 0
  }
}
