{
  "layoutViewport": {
    "pageX": 0,
    "pageY": 0,
    "clientWidth": 1365,
    "clientHeight": 900
  },
  "visualViewport": {
    "offsetX": 0,
    "offsetY": 0,
    "pageX": 0,
    "pageY": 0,
    "clientWidth": 1365,
    "clientHeight": 900,
    "scale": 1,
    "zoom": 1
  },
  "cssContentSize": {
    "x": 0,
    "y": 0,
    "width": 1365,
    "height": 1576
  },
  "observed": {
    "cls": 0.15925696574487783,
    "shifts": [
      {
        "value": 0.11001569858712716,
        "startTime": 1533.3999996185303
      },
      {
        "value": 0.049145626534637527,
        "startTime": 1549
      },
      {
        "value": 0.0000956406231131506,
        "startTime": 2553.300000190735
      }
    ],
    "longTasks": [
      {
        "duration": 76,
        "startTime": 1176.0999994277954
      }
    ],
    "scrollWidth": 1365,
    "clientWidth": 1365,
    "innerWidth": 1365,
    "innerHeight": 900,
    "visualViewportWidth": 1365,
    "hasViewportMeta": true,
    "horizontalOverflowPx": 0
  }
}
