{
  "layoutViewport": {
    "pageX": 0,
    "pageY": 0,
    "clientWidth": 1365,
    "clientHeight": 900
  },
  "visualViewport": {
    "offsetX": 0,
    "offsetY": 0,
    "pageX": 0,
    "pageY": 0,
    "clientWidth": 1365,
    "clientHeight": 900,
    "scale": 1,
    "zoom": 1
  },
  "cssContentSize": {
    "x": 0,
    "y": 0,
    "width": 1365,
    "height": 900
  },
  "observed": {
    "cls": 0.008664132940048691,
    "shifts": [
      {
        "value": 0.0026373626373626374,
        "startTime": 893.0999994277954
      },
      {
        "value": 0.005894296180010466,
        "startTime": 905.8000001907349
      },
      {
        "value": 0.0001324741226755879,
        "startTime": 922.3999996185303
      }
    ],
    "longTasks": [],
    "scrollWidth": 1365,
    "clientWidth": 1365,
    "innerWidth": 1365,
    "innerHeight": 900,
    "visualViewportWidth": 1365,
    "hasViewportMeta": true,
    "horizontalOverflowPx": 0
  }
}
