{
  "layoutViewport": {
    "pageX": 0,
    "pageY": 0,
    "clientWidth": 1365,
    "clientHeight": 900
  },
  "visualViewport": {
    "offsetX": 0,
    "offsetY": 0,
    "pageX": 0,
    "pageY": 0,
    "clientWidth": 1365,
    "clientHeight": 900,
    "scale": 1,
    "zoom": 1
  },
  "cssContentSize": {
    "x": 0,
    "y": 0,
    "width": 1365,
    "height": 2614
  },
  "observed": {
    "cls": 0.11531585221859945,
    "shifts": [
      {
        "value": 0.11355616460259317,
        "startTime": 1730.8000001907349
      },
      {
        "value": 0.00031967419281979723,
        "startTime": 1737.2000007629395
      },
      {
        "value": 0.0011188498492756733,
        "startTime": 1775.2000007629395
      },
      {
        "value": 0.0003211635739108267,
        "startTime": 1815.9000005722046
      }
    ],
    "longTasks": [
      {
        "duration": 97,
        "startTime": 1514
      }
    ],
    "scrollWidth": 1365,
    "clientWidth": 1365,
    "innerWidth": 1365,
    "innerHeight": 900,
    "visualViewportWidth": 1365,
    "hasViewportMeta": true,
    "horizontalOverflowPx": 0
  }
}
