{
  "layoutViewport": {
    "pageX": 0,
    "pageY": 0,
    "clientWidth": 1365,
    "clientHeight": 900
  },
  "visualViewport": {
    "offsetX": 0,
    "offsetY": 0,
    "pageX": 0,
    "pageY": 0,
    "clientWidth": 1365,
    "clientHeight": 900,
    "scale": 1,
    "zoom": 1
  },
  "cssContentSize": {
    "x": 0,
    "y": 0,
    "width": 1365,
    "height": 4130
  },
  "observed": {
    "cls": 0.004504547614575087,
    "shifts": [
      {
        "value": 0.0017643405773442402,
        "startTime": 1020.3000001907349
      },
      {
        "value": 0.0015885598782576806,
        "startTime": 1235.3999996185303
      },
      {
        "value": 0.0011516471589731664,
        "startTime": 1410.3000001907349
      }
    ],
    "longTasks": [
      {
        "duration": 96,
        "startTime": 1021.6000003814697
      },
      {
        "duration": 82,
        "startTime": 1147.1000003814697
      }
    ],
    "scrollWidth": 1365,
    "clientWidth": 1365,
    "innerWidth": 1365,
    "innerHeight": 900,
    "visualViewportWidth": 1365,
    "hasViewportMeta": true,
    "horizontalOverflowPx": 0
  }
}
