{
  "layoutViewport": {
    "pageX": 0,
    "pageY": 0,
    "clientWidth": 390,
    "clientHeight": 844
  },
  "visualViewport": {
    "offsetX": 0,
    "offsetY": 0,
    "pageX": 0,
    "pageY": 0,
    "clientWidth": 390,
    "clientHeight": 844,
    "scale": 1,
    "zoom": 1
  },
  "cssContentSize": {
    "x": 0,
    "y": 0,
    "width": 390,
    "height": 6197
  },
  "observed": {
    "cls": 0.11196679236091554,
    "shifts": [
      {
        "value": 0.00017899936589992968,
        "startTime": 1385.3000001907349
      },
      {
        "value": 0.00017899936589992968,
        "startTime": 1402.1999998092651
      },
      {
        "value": 0.11160879362911569,
        "startTime": 2047.5
      }
    ],
    "longTasks": [],
    "scrollWidth": 390,
    "clientWidth": 390,
    "innerWidth": 390,
    "innerHeight": 844,
    "visualViewportWidth": 390,
    "hasViewportMeta": true,
    "horizontalOverflowPx": 0
  }
}
