{
  "layoutViewport": {
    "pageX": 0,
    "pageY": 0,
    "clientWidth": 1365,
    "clientHeight": 900
  },
  "visualViewport": {
    "offsetX": 0,
    "offsetY": 0,
    "pageX": 0,
    "pageY": 0,
    "clientWidth": 1365,
    "clientHeight": 900,
    "scale": 1,
    "zoom": 1
  },
  "cssContentSize": {
    "x": 0,
    "y": 0,
    "width": 1365,
    "height": 6918
  },
  "observed": {
    "cls": 0.08035465415401313,
    "shifts": [
      {
        "value": 0.0013720296797219875,
        "startTime": 771.8999996185303
      },
      {
        "value": 0.00015668498168498168,
        "startTime": 1716.6999998092651
      },
      {
        "value": 0.07882593949260616,
        "startTime": 2112.7999992370605
      }
    ],
    "longTasks": [
      {
        "duration": 205,
        "startTime": 1165.5999994277954
      }
    ],
    "scrollWidth": 1365,
    "clientWidth": 1365,
    "innerWidth": 1365,
    "innerHeight": 900,
    "visualViewportWidth": 1365,
    "hasViewportMeta": true,
    "horizontalOverflowPx": 0
  }
}
