{
  "layoutViewport": {
    "pageX": 0,
    "pageY": 0,
    "clientWidth": 390,
    "clientHeight": 844
  },
  "visualViewport": {
    "offsetX": 0,
    "offsetY": 0,
    "pageX": 0,
    "pageY": 0,
    "clientWidth": 390,
    "clientHeight": 844,
    "scale": 1,
    "zoom": 1
  },
  "cssContentSize": {
    "x": 0,
    "y": 0,
    "width": 390,
    "height": 8045
  },
  "observed": {
    "cls": 0.736650006781588,
    "shifts": [
      {
        "value": 0.4014678466341726,
        "startTime": 2964
      },
      {
        "value": 0.000048302616051543525,
        "startTime": 2974.800000190735
      },
      {
        "value": 0.00005287046907855067,
        "startTime": 3056.699999809265
      },
      {
        "value": 0.33508098706228523,
        "startTime": 3278.5
      }
    ],
    "longTasks": [
      {
        "duration": 87,
        "startTime": 2795.699999809265
      }
    ],
    "scrollWidth": 390,
    "clientWidth": 390,
    "innerWidth": 390,
    "innerHeight": 844,
    "visualViewportWidth": 390,
    "hasViewportMeta": true,
    "horizontalOverflowPx": 0
  }
}
