{
  "layoutViewport": {
    "pageX": 0,
    "pageY": 0,
    "clientWidth": 1365,
    "clientHeight": 900
  },
  "visualViewport": {
    "offsetX": 0,
    "offsetY": 0,
    "pageX": 0,
    "pageY": 0,
    "clientWidth": 1365,
    "clientHeight": 900,
    "scale": 1,
    "zoom": 1
  },
  "cssContentSize": {
    "x": 0,
    "y": 0,
    "width": 1365,
    "height": 6198
  },
  "observed": {
    "cls": 0.09833172179621355,
    "shifts": [
      {
        "value": 0.0008856328856328856,
        "startTime": 958.8000001907349
      },
      {
        "value": 0.058881518156243436,
        "startTime": 990.5
      },
      {
        "value": 0.0006110196757861593,
        "startTime": 1072.3000001907349
      },
      {
        "value": 0.03795355107855108,
        "startTime": 1320.8999996185303
      }
    ],
    "longTasks": [
      {
        "duration": 82,
        "startTime": 840.3999996185303
      }
    ],
    "scrollWidth": 1365,
    "clientWidth": 1365,
    "innerWidth": 1365,
    "innerHeight": 900,
    "visualViewportWidth": 1365,
    "hasViewportMeta": true,
    "horizontalOverflowPx": 0
  }
}
