{
  "layoutViewport": {
    "pageX": 0,
    "pageY": 0,
    "clientWidth": 390,
    "clientHeight": 844
  },
  "visualViewport": {
    "offsetX": 0,
    "offsetY": 0,
    "pageX": 0,
    "pageY": 0,
    "clientWidth": 390,
    "clientHeight": 844,
    "scale": 1,
    "zoom": 1
  },
  "cssContentSize": {
    "x": 0,
    "y": 0,
    "width": 390,
    "height": 9850
  },
  "observed": {
    "cls": 0.006993532816406432,
    "shifts": [
      {
        "value": 0.0024100520357290336,
        "startTime": 2042.5999994277954
      },
      {
        "value": 0.004583480780677399,
        "startTime": 2437.300000190735
      }
    ],
    "longTasks": [
      {
        "duration": 68,
        "startTime": 1043.1999998092651
      },
      {
        "duration": 64,
        "startTime": 1212.3999996185303
      },
      {
        "duration": 51,
        "startTime": 1334
      }
    ],
    "scrollWidth": 390,
    "clientWidth": 390,
    "innerWidth": 390,
    "innerHeight": 844,
    "visualViewportWidth": 390,
    "hasViewportMeta": true,
    "horizontalOverflowPx": 0
  }
}
