{
  "layoutViewport": {
    "pageX": 0,
    "pageY": 0,
    "clientWidth": 980,
    "clientHeight": 2121
  },
  "visualViewport": {
    "offsetX": 0,
    "offsetY": 0,
    "pageX": 0,
    "pageY": 0,
    "clientWidth": 980,
    "clientHeight": 2120.820556640625,
    "scale": 0.3979591727256775,
    "zoom": 1
  },
  "cssContentSize": {
    "x": 0,
    "y": 0,
    "width": 980,
    "height": 2121
  },
  "observed": {
    "cls": 0.001135379619338918,
    "shifts": [
      {
        "value": 0.0005100587996622599,
        "startTime": 2517.199999809265
      },
      {
        "value": 0.000625320819676658,
        "startTime": 3211.699999809265
      }
    ],
    "longTasks": [
      {
        "duration": 239,
        "startTime": 1949.1999998092651
      },
      {
        "duration": 78,
        "startTime": 2193.4000005722046
      }
    ],
    "scrollWidth": 980,
    "clientWidth": 980,
    "innerWidth": 980,
    "innerHeight": 2121,
    "visualViewportWidth": 980,
    "hasViewportMeta": false,
    "horizontalOverflowPx": 0
  }
}
