{
  "layoutViewport": {
    "pageX": 0,
    "pageY": 0,
    "clientWidth": 390,
    "clientHeight": 844
  },
  "visualViewport": {
    "offsetX": 0,
    "offsetY": 0,
    "pageX": 0,
    "pageY": 0,
    "clientWidth": 390,
    "clientHeight": 844,
    "scale": 1,
    "zoom": 1
  },
  "cssContentSize": {
    "x": 0,
    "y": 0,
    "width": 390,
    "height": 11464
  },
  "observed": {
    "cls": 0.012467074742602021,
    "shifts": [
      {
        "value": 0.012263875474495181,
        "startTime": 1781.1000003814697
      },
      {
        "value": 0.0002031992681068398,
        "startTime": 2917.699999809265
      }
    ],
    "longTasks": [
      {
        "duration": 51,
        "startTime": 2219.5
      },
      {
        "duration": 178,
        "startTime": 2401.1000003814697
      },
      {
        "duration": 71,
        "startTime": 2933.6000003814697
      }
    ],
    "scrollWidth": 390,
    "clientWidth": 390,
    "innerWidth": 390,
    "innerHeight": 844,
    "visualViewportWidth": 390,
    "hasViewportMeta": true,
    "horizontalOverflowPx": 0
  }
}
