{
  "layoutViewport": {
    "pageX": 0,
    "pageY": 0,
    "clientWidth": 1365,
    "clientHeight": 900
  },
  "visualViewport": {
    "offsetX": 0,
    "offsetY": 0,
    "pageX": 0,
    "pageY": 0,
    "clientWidth": 1365,
    "clientHeight": 900,
    "scale": 1,
    "zoom": 1
  },
  "cssContentSize": {
    "x": 0,
    "y": 0,
    "width": 1365,
    "height": 5293
  },
  "observed": {
    "cls": 0.015206476533743017,
    "shifts": [
      {
        "value": 0.005555440667391217,
        "startTime": 1630.6000003814697
      },
      {
        "value": 0.008146462031558185,
        "startTime": 1685.8000001907349
      },
      {
        "value": 0.001504573834793615,
        "startTime": 1731.1000003814697
      }
    ],
    "longTasks": [],
    "scrollWidth": 1365,
    "clientWidth": 1365,
    "innerWidth": 1365,
    "innerHeight": 900,
    "visualViewportWidth": 1365,
    "hasViewportMeta": true,
    "horizontalOverflowPx": 0
  }
}
