{
  "layoutViewport": {
    "pageX": 0,
    "pageY": 0,
    "clientWidth": 1381,
    "clientHeight": 911
  },
  "visualViewport": {
    "offsetX": 0,
    "offsetY": 0,
    "pageX": 0,
    "pageY": 0,
    "clientWidth": 1365,
    "clientHeight": 900,
    "scale": 1,
    "zoom": 1
  },
  "cssContentSize": {
    "x": 0,
    "y": 0,
    "width": 1381,
    "height": 6519
  },
  "observed": {
    "cls": 0.000011143252984864743,
    "shifts": [
      {
        "value": 0.000011143252984864743,
        "startTime": 3939.199999809265
      }
    ],
    "longTasks": [
      {
        "duration": 218,
        "startTime": 766.6000003814697
      },
      {
        "duration": 196,
        "startTime": 1137.1999998092651
      },
      {
        "duration": 55,
        "startTime": 1366.6999998092651
      },
      {
        "duration": 54,
        "startTime": 3348.199999809265
      }
    ],
    "scrollWidth": 1381,
    "clientWidth": 1365,
    "innerWidth": 1381,
    "innerHeight": 911,
    "visualViewportWidth": 1365,
    "hasViewportMeta": true,
    "horizontalOverflowPx": 16
  }
}
