{
  "layoutViewport": {
    "pageX": 0,
    "pageY": 0,
    "clientWidth": 1365,
    "clientHeight": 900
  },
  "visualViewport": {
    "offsetX": 0,
    "offsetY": 0,
    "pageX": 0,
    "pageY": 0,
    "clientWidth": 1365,
    "clientHeight": 900,
    "scale": 1,
    "zoom": 1
  },
  "cssContentSize": {
    "x": 0,
    "y": 0,
    "width": 1365,
    "height": 3872
  },
  "observed": {
    "cls": 0.05875459483705821,
    "shifts": [
      {
        "value": 0.0001171346053214185,
        "startTime": 2686.4000005722046
      },
      {
        "value": 0.00010100984180654509,
        "startTime": 3383.300000190735
      },
      {
        "value": 0.058536450389930245,
        "startTime": 3414.4000005722046
      }
    ],
    "longTasks": [],
    "scrollWidth": 1365,
    "clientWidth": 1365,
    "innerWidth": 1365,
    "innerHeight": 900,
    "visualViewportWidth": 1365,
    "hasViewportMeta": true,
    "horizontalOverflowPx": 0
  }
}
