{
  "layoutViewport": {
    "pageX": 0,
    "pageY": 0,
    "clientWidth": 1365,
    "clientHeight": 900
  },
  "visualViewport": {
    "offsetX": 0,
    "offsetY": 0,
    "pageX": 0,
    "pageY": 0,
    "clientWidth": 1365,
    "clientHeight": 900,
    "scale": 1,
    "zoom": 1
  },
  "cssContentSize": {
    "x": 0,
    "y": 0,
    "width": 1365,
    "height": 10603
  },
  "observed": {
    "cls": 0.010409810107474942,
    "shifts": [
      {
        "value": 0.0001546474358974359,
        "startTime": 1362.1999998092651
      },
      {
        "value": 0.010255162671577507,
        "startTime": 1462.3000001907349
      }
    ],
    "longTasks": [
      {
        "duration": 57,
        "startTime": 1222.6999998092651
      }
    ],
    "scrollWidth": 1365,
    "clientWidth": 1365,
    "innerWidth": 1365,
    "innerHeight": 900,
    "visualViewportWidth": 1365,
    "hasViewportMeta": true,
    "horizontalOverflowPx": 0
  }
}
