{
  "layoutViewport": {
    "pageX": 0,
    "pageY": 0,
    "clientWidth": 1365,
    "clientHeight": 900
  },
  "visualViewport": {
    "offsetX": 0,
    "offsetY": 0,
    "pageX": 0,
    "pageY": 0,
    "clientWidth": 1365,
    "clientHeight": 900,
    "scale": 1,
    "zoom": 1
  },
  "cssContentSize": {
    "x": 0,
    "y": 0,
    "width": 1365,
    "height": 6917
  },
  "observed": {
    "cls": 0.005139185035728077,
    "shifts": [
      {
        "value": 0.004701397330792936,
        "startTime": 3287.9000005722046
      },
      {
        "value": 0.00043778770493514083,
        "startTime": 3304.6000003814697
      }
    ],
    "longTasks": [
      {
        "duration": 71,
        "startTime": 3129.800000190735
      }
    ],
    "scrollWidth": 1365,
    "clientWidth": 1365,
    "innerWidth": 1365,
    "innerHeight": 900,
    "visualViewportWidth": 1365,
    "hasViewportMeta": true,
    "horizontalOverflowPx": 0
  }
}
