{
  "layoutViewport": {
    "pageX": 0,
    "pageY": 0,
    "clientWidth": 1365,
    "clientHeight": 900
  },
  "visualViewport": {
    "offsetX": 0,
    "offsetY": 0,
    "pageX": 0,
    "pageY": 0,
    "clientWidth": 1365,
    "clientHeight": 900,
    "scale": 1,
    "zoom": 1
  },
  "cssContentSize": {
    "x": 0,
    "y": 0,
    "width": 1365,
    "height": 7502
  },
  "observed": {
    "cls": 0.006544232595514647,
    "shifts": [
      {
        "value": 0.0009178589691410205,
        "startTime": 1954.3999996185303
      },
      {
        "value": 0.005626373626373626,
        "startTime": 3423.3999996185303
      }
    ],
    "longTasks": [
      {
        "duration": 76,
        "startTime": 3339.199999809265
      }
    ],
    "scrollWidth": 1365,
    "clientWidth": 1365,
    "innerWidth": 1365,
    "innerHeight": 900,
    "visualViewportWidth": 1365,
    "hasViewportMeta": true,
    "horizontalOverflowPx": 0
  }
}
