{
  "layoutViewport": {
    "pageX": 0,
    "pageY": 0,
    "clientWidth": 1365,
    "clientHeight": 900
  },
  "visualViewport": {
    "offsetX": 0,
    "offsetY": 0,
    "pageX": 0,
    "pageY": 0,
    "clientWidth": 1365,
    "clientHeight": 900,
    "scale": 1,
    "zoom": 1
  },
  "cssContentSize": {
    "x": 0,
    "y": 0,
    "width": 1365,
    "height": 3640
  },
  "observed": {
    "cls": 0.41126876301693155,
    "shifts": [
      {
        "value": 0.0008768890856802945,
        "startTime": 1595.6000003814697
      },
      {
        "value": 0.0003213532092652972,
        "startTime": 1609.8000001907349
      },
      {
        "value": 0.41007052072198596,
        "startTime": 1644.3000001907349
      }
    ],
    "longTasks": [
      {
        "duration": 69,
        "startTime": 1478.4000005722046
      }
    ],
    "scrollWidth": 1365,
    "clientWidth": 1365,
    "innerWidth": 1365,
    "innerHeight": 900,
    "visualViewportWidth": 1365,
    "hasViewportMeta": true,
    "horizontalOverflowPx": 0
  }
}
