{
  "layoutViewport": {
    "pageX": 0,
    "pageY": 0,
    "clientWidth": 1365,
    "clientHeight": 900
  },
  "visualViewport": {
    "offsetX": 0,
    "offsetY": 0,
    "pageX": 0,
    "pageY": 0,
    "clientWidth": 1365,
    "clientHeight": 900,
    "scale": 1,
    "zoom": 1
  },
  "cssContentSize": {
    "x": 0,
    "y": 0,
    "width": 1365,
    "height": 4148
  },
  "observed": {
    "cls": 0.000329721018365707,
    "shifts": [
      {
        "value": 0.00003160589241175322,
        "startTime": 1614.5
      },
      {
        "value": 0.000036949077242117536,
        "startTime": 2622.3999996185303
      },
      {
        "value": 0.00026116604871183623,
        "startTime": 2869.199999809265
      }
    ],
    "longTasks": [],
    "scrollWidth": 1365,
    "clientWidth": 1365,
    "innerWidth": 1365,
    "innerHeight": 900,
    "visualViewportWidth": 1365,
    "hasViewportMeta": true,
    "horizontalOverflowPx": 0
  }
}
