{
  "layoutViewport": {
    "pageX": 0,
    "pageY": 0,
    "clientWidth": 1105,
    "clientHeight": 2392
  },
  "visualViewport": {
    "offsetX": 0,
    "offsetY": 0,
    "pageX": 0,
    "pageY": 0,
    "clientWidth": 1105,
    "clientHeight": 2391.333251953125,
    "scale": 0.3529411852359772,
    "zoom": 1
  },
  "cssContentSize": {
    "x": 0,
    "y": 0,
    "width": 1105,
    "height": 3428
  },
  "observed": {
    "cls": 0.23607657995615972,
    "shifts": [
      {
        "value": 0.164984132894846,
        "startTime": 4085.7000007629395
      },
      {
        "value": 0.07109244706131371,
        "startTime": 4906
      }
    ],
    "longTasks": [
      {
        "duration": 77,
        "startTime": 2467.7000007629395
      },
      {
        "duration": 77,
        "startTime": 2698.300000190735
      }
    ],
    "scrollWidth": 1105,
    "clientWidth": 980,
    "innerWidth": 1105,
    "innerHeight": 2392,
    "visualViewportWidth": 1105,
    "hasViewportMeta": false,
    "horizontalOverflowPx": 0
  }
}
