{
  "layoutViewport": {
    "pageX": 0,
    "pageY": 0,
    "clientWidth": 1365,
    "clientHeight": 900
  },
  "visualViewport": {
    "offsetX": 0,
    "offsetY": 0,
    "pageX": 0,
    "pageY": 0,
    "clientWidth": 1365,
    "clientHeight": 900,
    "scale": 1,
    "zoom": 1
  },
  "cssContentSize": {
    "x": 0,
    "y": 0,
    "width": 1365,
    "height": 900
  },
  "observed": {
    "cls": 0.005390617634298952,
    "shifts": [
      {
        "value": 0.0005386376444068752,
        "startTime": 723.8999996185303
      },
      {
        "value": 0.004081647188790045,
        "startTime": 738.5999994277954
      },
      {
        "value": 0.0007703328011020319,
        "startTime": 807.1999998092651
      }
    ],
    "longTasks": [
      {
        "duration": 57,
        "startTime": 1162.0999994277954
      }
    ],
    "scrollWidth": 1365,
    "clientWidth": 1365,
    "innerWidth": 1365,
    "innerHeight": 900,
    "visualViewportWidth": 1365,
    "hasViewportMeta": true,
    "horizontalOverflowPx": 0
  }
}
