{
  "layoutViewport": {
    "pageX": 0,
    "pageY": 0,
    "clientWidth": 1365,
    "clientHeight": 900
  },
  "visualViewport": {
    "offsetX": 0,
    "offsetY": 0,
    "pageX": 0,
    "pageY": 0,
    "clientWidth": 1365,
    "clientHeight": 900,
    "scale": 1,
    "zoom": 1
  },
  "cssContentSize": {
    "x": 0,
    "y": 0,
    "width": 1365,
    "height": 3209
  },
  "observed": {
    "cls": 0.0019719979992873764,
    "shifts": [
      {
        "value": 0.0012510781038253566,
        "startTime": 1627.5
      },
      {
        "value": 0.0004175126460840747,
        "startTime": 1690.8000001907349
      },
      {
        "value": 0.0003034072493779453,
        "startTime": 2847
      }
    ],
    "longTasks": [
      {
        "duration": 59,
        "startTime": 3341.3999996185303
      }
    ],
    "scrollWidth": 1365,
    "clientWidth": 1365,
    "innerWidth": 1365,
    "innerHeight": 900,
    "visualViewportWidth": 1365,
    "hasViewportMeta": true,
    "horizontalOverflowPx": 0
  }
}
