{
  "layoutViewport": {
    "pageX": 0,
    "pageY": 0,
    "clientWidth": 1365,
    "clientHeight": 900
  },
  "visualViewport": {
    "offsetX": 0,
    "offsetY": 0,
    "pageX": 0,
    "pageY": 0,
    "clientWidth": 1365,
    "clientHeight": 900,
    "scale": 1,
    "zoom": 1
  },
  "cssContentSize": {
    "x": 0,
    "y": 0,
    "width": 1365,
    "height": 12629
  },
  "observed": {
    "cls": 0.05664986381140227,
    "shifts": [
      {
        "value": 0.05274725274725275,
        "startTime": 902.5
      },
      {
        "value": 0.0008970695970695971,
        "startTime": 957.6999998092651
      },
      {
        "value": 0.0030055414670799286,
        "startTime": 1630.8999996185303
      }
    ],
    "longTasks": [
      {
        "duration": 88,
        "startTime": 744.6999998092651
      },
      {
        "duration": 50,
        "startTime": 1908.7999992370605
      }
    ],
    "scrollWidth": 1365,
    "clientWidth": 1365,
    "innerWidth": 1365,
    "innerHeight": 900,
    "visualViewportWidth": 1365,
    "hasViewportMeta": true,
    "horizontalOverflowPx": 0
  }
}
