{
  "layoutViewport": {
    "pageX": 0,
    "pageY": 0,
    "clientWidth": 1365,
    "clientHeight": 900
  },
  "visualViewport": {
    "offsetX": 0,
    "offsetY": 0,
    "pageX": 0,
    "pageY": 0,
    "clientWidth": 1365,
    "clientHeight": 900,
    "scale": 1,
    "zoom": 1
  },
  "cssContentSize": {
    "x": 0,
    "y": 0,
    "width": 1365,
    "height": 5306
  },
  "observed": {
    "cls": 0.0013934861299330164,
    "shifts": [
      {
        "value": 0.0008712225274725275,
        "startTime": 1875.8000001907349
      },
      {
        "value": 0.0003424933023834123,
        "startTime": 1892.5
      },
      {
        "value": 0.00017977030007707665,
        "startTime": 1906.5999994277954
      }
    ],
    "longTasks": [
      {
        "duration": 67,
        "startTime": 1456.0999994277954
      }
    ],
    "scrollWidth": 1365,
    "clientWidth": 1365,
    "innerWidth": 1365,
    "innerHeight": 900,
    "visualViewportWidth": 1365,
    "hasViewportMeta": true,
    "horizontalOverflowPx": 0
  }
}
