{
  "layoutViewport": {
    "pageX": 0,
    "pageY": 0,
    "clientWidth": 1365,
    "clientHeight": 900
  },
  "visualViewport": {
    "offsetX": 0,
    "offsetY": 0,
    "pageX": 0,
    "pageY": 0,
    "clientWidth": 1365,
    "clientHeight": 900,
    "scale": 1,
    "zoom": 1
  },
  "cssContentSize": {
    "x": 0,
    "y": 0,
    "width": 1365,
    "height": 5766
  },
  "observed": {
    "cls": 0.10281639909744306,
    "shifts": [
      {
        "value": 0.0000862081650543189,
        "startTime": 1295.1999998092651
      },
      {
        "value": 0.10246148479115512,
        "startTime": 1670.4000005722046
      },
      {
        "value": 0.00026870614123361374,
        "startTime": 1748.8000001907349
      }
    ],
    "longTasks": [],
    "scrollWidth": 1365,
    "clientWidth": 1365,
    "innerWidth": 1365,
    "innerHeight": 900,
    "visualViewportWidth": 1365,
    "hasViewportMeta": true,
    "horizontalOverflowPx": 0
  }
}
